"lineup_id","date","stage","artist","is_headliner","apple_music_url","note"
"airjam-2026","2026-11-07","","Hi-STANDARD","","https://music.apple.com/jp/artist/hi-standard/36223467",""
"airjam-2026","2026-11-07","","10-FEET","","https://music.apple.com/jp/artist/10-feet/76125500",""
"airjam-2026","2026-11-07","","DANCE HALL CRASHERS","","https://music.apple.com/jp/artist/%E3%83%80%E3%83%B3%E3%82%B9-%E3%83%9B%E3%83%BC%E3%83%AB-%E3%82%AF%E3%83%A9%E3%83%83%E3%82%B7%E3%83%A3%E3%83%BC%E3%82%BA/61657",""
"airjam-2026","2026-11-07","","ENTH","","",""
"airjam-2026","2026-11-07","","HEY-SMITH","","https://music.apple.com/jp/artist/hey-smith/324235401",""
"airjam-2026","2026-11-07","","HUSKING BEE","","https://music.apple.com/jp/artist/husking-bee/17555036",""
"airjam-2026","2026-11-07","","KUZIRA","","",""
"airjam-2026","2026-11-07","","LAGWAGON","","https://music.apple.com/jp/artist/lagwagon/13505765",""
"airjam-2026","2026-11-07","","MAN WITH A MISSION","","https://music.apple.com/jp/artist/man-with-a-mission/424817976",""
"airjam-2026","2026-11-07","","ザ・クロマニヨンズ","","https://music.apple.com/jp/artist/%E3%82%B6-%E3%82%AF%E3%83%AD%E3%83%9E%E3%83%8B%E3%83%A8%E3%83%B3%E3%82%BA/394366529",""
"airjam-2026","2026-11-07","","マキシマム ザ ホルモン","","",""
"echoes-2026","2026-10-24","","HAWAIIAN6","1","https://music.apple.com/jp/artist/hawaiian6/74504945",""
"echoes-2026","2026-10-24","","AGGROKNUCKLE","","",""
"echoes-2026","2026-10-24","","BAREBONES","","https://music.apple.com/jp/artist/barebones/213820571",""
"echoes-2026","2026-10-24","","COUNTRY YARD","","https://music.apple.com/jp/artist/country-yard/385689807",""
"echoes-2026","2026-10-24","","Dizzy Sunfist","","https://music.apple.com/jp/artist/dizzy-sunfist/704055702",""
"echoes-2026","2026-10-24","","dustbox","","https://music.apple.com/jp/artist/dustbox/74587536",""
"echoes-2026","2026-10-24","","HERO COMPLEX","","https://music.apple.com/jp/artist/hero-complex/1545862881",""
"echoes-2026","2026-10-24","","KiM","","",""
"echoes-2026","2026-10-24","","KUZIRA","","",""
"echoes-2026","2026-10-24","","LOW IQ 01 &THE RHYTHM MAKERS","","",""
"echoes-2026","2026-10-24","","OVER ARM THROW","","https://music.apple.com/jp/artist/over-arm-throw/126287156",""
"echoes-2026","2026-10-24","","PALM","","https://music.apple.com/jp/artist/palm/1433986296",""
"echoes-2026","2026-10-24","","STAB 4 REASON","","",""
"echoes-2026","2026-10-24","","鐵槌","","https://music.apple.com/jp/artist/%E9%90%B5%E6%A7%8C/1481917027",""
"echoes-2026","2026-10-24","","壬生狼","","",""
"echoes-2026","2026-10-25","","HAWAIIAN6","1","https://music.apple.com/jp/artist/hawaiian6/74504945",""
"echoes-2026","2026-10-25","","bacho","","",""
"echoes-2026","2026-10-25","","ENDZWECK","","https://music.apple.com/jp/artist/endzweck/130707264",""
"echoes-2026","2026-10-25","","GARLICBOYS","","https://music.apple.com/jp/artist/garlicboys/285866431",""
"echoes-2026","2026-10-25","","G-FREAK FACTORY","","https://music.apple.com/jp/artist/g-freak-factory/74583775",""
"echoes-2026","2026-10-25","","kamomekamome","","https://music.apple.com/jp/artist/kamomekamome/85438590",""
"echoes-2026","2026-10-25","","KiNGONS","","https://music.apple.com/jp/artist/kingons/354106171",""
"echoes-2026","2026-10-25","","locofrank","","",""
"echoes-2026","2026-10-25","","THE NO EAR","","https://music.apple.com/jp/artist/the-no-ear/1283052447",""
"echoes-2026","2026-10-25","","NUMB","","",""
"echoes-2026","2026-10-25","","spike shoes","","https://music.apple.com/jp/artist/spike-shoes/1735471706",""
"echoes-2026","2026-10-25","","STINKY","","https://music.apple.com/jp/artist/stinky/1537914392",""
"echoes-2026","2026-10-25","","STOMPIN’ BIRD","","",""
"echoes-2026","2026-10-25","","オナニ渕剛","","",""
"echoes-2026","2026-10-25","","九狼吽","","",""
"kishidanbanpaku-2026","2026-11-07","","秋山竜次(ロバート)","","https://music.apple.com/jp/artist/%E7%A7%8B%E5%B1%B1%E7%AB%9C%E6%AC%A1/470254917",""
"kishidanbanpaku-2026","2026-11-07","","打首獄門同好会","","https://music.apple.com/jp/artist/%E6%89%93%E9%A6%96%E7%8D%84%E9%96%80%E5%90%8C%E5%A5%BD%E4%BC%9A/201607388",""
"kishidanbanpaku-2026","2026-11-07","","氣志團","","https://music.apple.com/jp/artist/%E6%B0%A3%E5%BF%97%E5%9C%98/74577981",""
"kishidanbanpaku-2026","2026-11-07","","go!go!vanillas","","https://music.apple.com/jp/artist/go-go-vanillas/671623880",""
"kishidanbanpaku-2026","2026-11-07","","ゴールデンボンバー","","https://music.apple.com/jp/artist/%E3%82%B4%E3%83%BC%E3%83%AB%E3%83%87%E3%83%B3%E3%83%9C%E3%83%B3%E3%83%90%E3%83%BC/325594527",""
"kishidanbanpaku-2026","2026-11-07","","Saucy Dog","","https://music.apple.com/jp/artist/saucy-dog/1229933633",""
"kishidanbanpaku-2026","2026-11-07","","スチャダラパー","","https://music.apple.com/jp/artist/%E3%82%B9%E3%83%81%E3%83%A3%E3%83%80%E3%83%A9%E3%83%91%E3%83%BC/74588142",""
"kishidanbanpaku-2026","2026-11-07","","DJ OZMA","","https://music.apple.com/jp/artist/dj-ozma/131607673",""
"kishidanbanpaku-2026","2026-11-07","","怒髪天","","https://music.apple.com/jp/artist/%E6%80%92%E9%AB%AA%E5%A4%A9/291534566",""
"kishidanbanpaku-2026","2026-11-07","","NEWS","","https://music.apple.com/jp/artist/news/1765474507",""
"kishidanbanpaku-2026","2026-11-07","","バックドロップシンデレラ","","https://music.apple.com/jp/artist/%E3%83%90%E3%83%83%E3%82%AF%E3%83%89%E3%83%AD%E3%83%83%E3%83%97%E3%82%B7%E3%83%B3%E3%83%87%E3%83%AC%E3%83%A9/276041144",""
"kishidanbanpaku-2026","2026-11-07","","PUFFY","","https://music.apple.com/jp/artist/puffy/416758827",""
"kishidanbanpaku-2026","2026-11-07","","美少女戦士セーラームーン -Shining Theater Shinagawa Tokyo- Team Silver Moon","","",""
"kishidanbanpaku-2026","2026-11-07","","日向坂46","","https://music.apple.com/jp/artist/%E6%97%A5%E5%90%91%E5%9D%8246/1456116642",""
"kishidanbanpaku-2026","2026-11-07","","モナキ","","https://music.apple.com/jp/artist/%E3%83%A2%E3%83%8A%E3%82%AD/1878550824",""
"kishidanbanpaku-2026","2026-11-08","","アイナ・ジ・エンド","","https://music.apple.com/jp/artist/%E3%82%A2%E3%82%A4%E3%83%8A-%E3%82%B8-%E3%82%A8%E3%83%B3%E3%83%89/991663287",""
"kishidanbanpaku-2026","2026-11-08","","海援隊","","https://music.apple.com/jp/artist/%E6%B5%B7%E6%8F%B4%E9%9A%8A/74457017",""
"kishidanbanpaku-2026","2026-11-08","","氣志團","","https://music.apple.com/jp/artist/%E6%B0%A3%E5%BF%97%E5%9C%98/74577981",""
"kishidanbanpaku-2026","2026-11-08","","奇妙礼太郎BAND","","",""
"kishidanbanpaku-2026","2026-11-08","","キュウソネコカミ","","https://music.apple.com/jp/artist/%E3%82%AD%E3%83%A5%E3%82%A6%E3%82%BD%E3%83%8D%E3%82%B3%E3%82%AB%E3%83%9F/530074314",""
"kishidanbanpaku-2026","2026-11-08","","くるり","","https://music.apple.com/jp/artist/%E3%81%8F%E3%82%8B%E3%82%8A/105025123",""
"kishidanbanpaku-2026","2026-11-08","","四星球","","https://music.apple.com/jp/artist/%E5%9B%9B%E6%98%9F%E7%90%83/288352561",""
"kishidanbanpaku-2026","2026-11-08","","超ときめき宣伝部","","",""
"kishidanbanpaku-2026","2026-11-08","","DJダイノジ","","",""
"kishidanbanpaku-2026","2026-11-08","","10-FEET","","https://music.apple.com/jp/artist/10-feet/76125500",""
"kishidanbanpaku-2026","2026-11-08","","BARBEE BOYS 4 PEACE","","",""
"kishidanbanpaku-2026","2026-11-08","","ももいろクローバーZ","","https://music.apple.com/jp/artist/%E3%82%82%E3%82%82%E3%81%84%E3%82%8D%E3%82%AF%E3%83%AD%E3%83%BC%E3%83%90%E3%83%BCz/448294481",""
"kishidanbanpaku-2026","2026-11-08","","Lienel","","",""
"kishidanbanpaku-2026","2026-11-08","","ROTTENGRAFFTY","","https://music.apple.com/jp/artist/rottengraffty/415227338",""
"kishidanbanpaku-2026","2026-11-08","","WANIMA","","https://music.apple.com/jp/artist/wanima/936535085",""
"koshirock-2026","2026-10-10","","dustbox","","https://music.apple.com/jp/artist/dustbox/74587536",""
"koshirock-2026","2026-10-10","","HAWAIIAN6","","https://music.apple.com/jp/artist/hawaiian6/74504945",""
"koshirock-2026","2026-10-10","","w.o.d.","","https://music.apple.com/jp/artist/w-o-d/1330079263",""
"koshirock-2026","2026-10-10","","10-FEET","","https://music.apple.com/jp/artist/10-feet/76125500",""
"koshirock-2026","2026-10-10","","SHADOWS","","",""
"koshirock-2026","2026-10-10","","ENTH","","",""
"koshirock-2026","2026-10-10","","STOMPIN'BIRD","","https://music.apple.com/jp/artist/stompin-bird/453628902",""
"koshirock-2026","2026-10-10","","KUZIRA","","",""
"koshirock-2026","2026-10-10","","山嵐","","https://music.apple.com/jp/artist/%E5%B1%B1%E5%B5%90/73441470",""
"koshirock-2026","2026-10-10","","MEANING","","",""
"koshirock-2026-d2","2026-10-11","","dustbox","","https://music.apple.com/jp/artist/dustbox/74587536",""
"koshirock-2026-d2","2026-10-11","","locofrank","","",""
"koshirock-2026-d2","2026-10-11","","ROTTENGRAFFTY","","https://music.apple.com/jp/artist/rottengraffty/415227338",""
"koshirock-2026-d2","2026-10-11","","しけもくロッカーズ","","https://music.apple.com/jp/artist/%E3%81%97%E3%81%91%E3%82%82%E3%81%8F%E3%83%AD%E3%83%83%E3%82%AB%E3%83%BC%E3%82%BA/1370716142",""
"koshirock-2026-d2","2026-10-11","","TOTALFAT","","https://music.apple.com/jp/artist/totalfat/157819625",""
"koshirock-2026-d2","2026-10-11","","SHANK","","",""
"koshirock-2026-d2","2026-10-11","","FRONTIER BACKYARD","","https://music.apple.com/jp/artist/frontier-backyard/83372819",""
"koshirock-2026-d2","2026-10-11","","バックドロップシンデレラ","","https://music.apple.com/jp/artist/%E3%83%90%E3%83%83%E3%82%AF%E3%83%89%E3%83%AD%E3%83%83%E3%83%97%E3%82%B7%E3%83%B3%E3%83%87%E3%83%AC%E3%83%A9/276041144",""
"koshirock-2026-d2","2026-10-11","","Dizzy Sunfist","","https://music.apple.com/jp/artist/dizzy-sunfist/704055702",""
"koshirock-2026-d2","2026-10-11","","Wienners","","https://music.apple.com/jp/artist/wienners/466703611",""
"tokyoisland-2026","2026-10-10","","OKAMOTO'S","","https://music.apple.com/jp/artist/okamotos/317115646",""
"tokyoisland-2026","2026-10-10","","オカモトレイジ(OKAMOTO'S)","","https://music.apple.com/jp/artist/%E3%82%AA%E3%82%AB%E3%83%A2%E3%83%88%E3%83%AC%E3%82%A4%E3%82%B8/569973471",""
"tokyoisland-2026","2026-10-10","","金井政人(BIGMAMA) & 斎藤宏介(UNISON SQUARE GARDEN／TenTwenty)","","",""
"tokyoisland-2026","2026-10-10","","氣志團","","https://music.apple.com/jp/artist/%E6%B0%A3%E5%BF%97%E5%9C%98/74577981",""
"tokyoisland-2026","2026-10-10","","Kroi","","https://music.apple.com/jp/artist/kroi/1439157589",""
"tokyoisland-2026","2026-10-10","","スガ シカオ","","https://music.apple.com/jp/artist/%E3%82%B9%E3%82%AC-%E3%82%B7%E3%82%AB%E3%82%AA/202324935",""
"tokyoisland-2026","2026-10-10","","にしな","","https://music.apple.com/jp/artist/%E3%81%AB%E3%81%97%E3%81%AA/1531898758",""
"tokyoisland-2026","2026-10-10","","BIGMAMA","","https://music.apple.com/jp/artist/bigmama/160844958",""
"tokyoisland-2026","2026-10-10","","First Love is Never Returned","","https://music.apple.com/jp/artist/first-love-is-never-returned/1392834099",""
"tokyoisland-2026","2026-10-10","","Lucky Kilimanjaro","","https://music.apple.com/jp/artist/lucky-kilimanjaro/1016378760",""
"tokyoisland-2026","2026-10-11","","androp","","",""
"tokyoisland-2026","2026-10-11","","キュウソネコカミ","","https://music.apple.com/jp/artist/%E3%82%AD%E3%83%A5%E3%82%A6%E3%82%BD%E3%83%8D%E3%82%B3%E3%82%AB%E3%83%9F/530074314",""
"tokyoisland-2026","2026-10-11","","CLAN QUEEN","","https://music.apple.com/jp/artist/clan-queen/1650715887",""
"tokyoisland-2026","2026-10-11","","G-FREAK FACTORY","","https://music.apple.com/jp/artist/g-freak-factory/74583775",""
"tokyoisland-2026","2026-10-11","","四星球","","https://music.apple.com/jp/artist/%E5%9B%9B%E6%98%9F%E7%90%83/288352561",""
"tokyoisland-2026","2026-10-11","","超能力戦士ドリアン","","https://music.apple.com/jp/artist/%E8%B6%85%E8%83%BD%E5%8A%9B%E6%88%A6%E5%A3%AB%E3%83%89%E3%83%AA%E3%82%A2%E3%83%B3/1266652978",""
"tokyoisland-2026","2026-10-11","","トップシークレットマン","","https://music.apple.com/jp/artist/%E3%83%88%E3%83%83%E3%83%97%E3%82%B7%E3%83%BC%E3%82%AF%E3%83%AC%E3%83%83%E3%83%88%E3%83%9E%E3%83%B3/1513255370",""
"tokyoisland-2026","2026-10-11","","花冷え。","","https://music.apple.com/jp/artist/%E8%8A%B1%E5%86%B7%E3%81%88/1437484631",""
"tokyoisland-2026","2026-10-11","","Fear, and Loathing in Las Vegas","","https://music.apple.com/jp/artist/fear-and-loathing-in-las-vegas/261086516",""
"tokyoisland-2026","2026-10-12","","ACIDMAN","","https://music.apple.com/jp/artist/acidman/74565843",""
"tokyoisland-2026","2026-10-12","","大森靖子","","https://music.apple.com/jp/artist/%E5%A4%A7%E6%A3%AE%E9%9D%96%E5%AD%90/731413735",""
"tokyoisland-2026","2026-10-12","","KANA-BOON","","https://music.apple.com/jp/artist/kana-boon/633973271",""
"tokyoisland-2026","2026-10-12","","ZAZEN BOYS","","https://music.apple.com/jp/artist/zazen-boys/74456038",""
"tokyoisland-2026","2026-10-12","","THE BAWDIES","","https://music.apple.com/jp/artist/the-bawdies/422556083",""
"tokyoisland-2026","2026-10-12","","DJダイノジ","","",""
"tokyoisland-2026","2026-10-12","","バックドロップシンデレラ","","https://music.apple.com/jp/artist/%E3%83%90%E3%83%83%E3%82%AF%E3%83%89%E3%83%AD%E3%83%83%E3%83%97%E3%82%B7%E3%83%B3%E3%83%87%E3%83%AC%E3%83%A9/276041144",""
"tokyoisland-2026","2026-10-12","","flumpool","","https://music.apple.com/jp/artist/flumpool/570402072",""
"tokyoisland-2026","2026-10-12","","Base Ball Bear","","https://music.apple.com/jp/artist/base-ball-bear/111133857",""
"tokyoisland-2026","2026-10-12","","忘れらんねえよ","","https://music.apple.com/jp/artist/%E5%BF%98%E3%82%8C%E3%82%89%E3%82%93%E3%81%AD%E3%81%88%E3%82%88/393304431",""
